{
    "display": {
        "icon": {
            "item": "minecraft:crafting_table"
        },
        "title": {
            "text": "Quality of Life (08/19)",
            "color": "white",
            "bold": false,
            "italic": false
        },
        "description": {
            "text": "Uncraftable nether wart blocks, flint to gravel and brick crafting adjustments.",
            "color": "green",
            "bold": false,
            "italic": true
        },
        "show_toast": false,
        "announce_to_chat": false,
        "frame": "goal"
    },
    "parent": "main:main/root",
    "criteria": {
        "tick": {
            "trigger": "minecraft:tick"
        }
    }
}