{
    "display": {
        "icon": {
            "item": "minecraft:name_tag"
        },
        "title": {
            "text": "Silence Mobs",
            "color": "white",
            "bold": false,
            "italic": false
        },
        "description": {
            "text": "Adds the ability to silence mobs by using a name tag with the name; 'Silence' or 'silence'",
            "color": "green",
            "bold": false,
            "italic": true
        },
        "show_toast": false,
        "announce_to_chat": false,
        "frame": "goal"
    },
    "parent": "main:main/root",
    "criteria": {
        "tick": {
            "trigger": "minecraft:tick"
        }
    }
}