{
  "type": "minecraft:entity",
  "pools": [

    {
      "rolls": 1,
      "entries": [
        {
          "type": "minecraft:loot_table",
          "name": "vanilla:entities/shulker"
        }
      ]
    },

    {
      "rolls": 1,
      "entries": [
        {
          "type": "minecraft:loot_table",
          "name": "minecraft:entities/reference/mmh/shulker"
        }
      ]
    },

    {
      "rolls": 1,
      "entries": [
        {
          "type": "minecraft:loot_table",
          "name": "minecraft:entities/reference/extra/shulker"
        }
      ]
    }
    
  ]
}
