{
    "display": {
        "icon": {
            "item": "minecraft:red_bed"
        },
        "title": {
            "text": "Multiplayer Sleep by Vanilla Tweaks",
            "color": "white",
            "bold": false,
            "italic": false
        },
        "description": {
            "text": "Adds the ability for one player to sleep and skip the night in a multiplayer world.",
            "color": "green",
            "bold": false,
            "italic": true
        },
        "show_toast": false,
        "announce_to_chat": false,
        "frame": "goal"
    },
    "parent": "main:main/root",
    "criteria": {
        "tick": {
            "trigger": "minecraft:tick"
        }
    }
}