{
    "display": {
        "icon": {
            "item": "minecraft:player_head",
            "nbt": "{SkullOwner:{Id:\"f83bcfc1-0213-4957-888e-d3e2fae71203\",Name:\"Vex\",Properties:{textures:[{Value:\"eyJ0ZXh0dXJlcyI6eyJTS0lOIjp7InVybCI6Imh0dHA6Ly90ZXh0dXJlcy5taW5lY3JhZnQubmV0L3RleHR1cmUvNWU3MzMwYzdkNWNkOGEwYTU1YWI5ZTk1MzIxNTM1YWM3YWUzMGZlODM3YzM3ZWE5ZTUzYmVhN2JhMmRlODZiIn19fQ==\"}]}}}"
        },
        "title": {
            "text": "More Mob Heads by Vanilla Tweaks",
            "color": "white",
            "bold": false,
            "italic": false
        },
        "description": {
            "text": "Adds a chance to receive a mob head upon killing it.",
            "color": "green",
            "bold": false,
            "italic": true
        },
        "show_toast": false,
        "announce_to_chat": false,
        "frame": "goal"
    },
    "parent": "main:main/root",
    "criteria": {
        "tick": {
            "trigger": "minecraft:tick"
        }
    }
}